{"cameraMode":{"drawMode":0,"name":"Shaded","section":"Shading Mode"},"sceneLighting":true,"audioPlay":false,"sceneViewState":{"showFog":true,"showMaterialUpdate":true,"showSkybox":true,"showFlares":true,"showImageEffects":true,"showParticleSystems":true},"in2DMode":false,"pivot":{"x":0.1828984022140503,"y":0.3431245684623718,"z":0.059401750564575198},"rotation":{"x":0.06175687909126282,"y":-0.020962929353117944,"z":0.001297371694818139,"w":0.9978702068328857},"size":3.6017227172851564,"orthographic":false}